,link_strength,link_centrality,technical_distance,node_assortativity
link_strength,1.0,-0.008588914942029735,0.005737581011387126,0.052681208711168784
link_centrality,-0.008588914942029735,1.0,0.038348393501545196,0.027251465601921
technical_distance,0.005737581011387126,0.038348393501545196,1.0,0.6233350192044147
node_assortativity,0.052681208711168784,0.027251465601921,0.6233350192044147,1.0
