,weighted_tie_strength,common_neighbors_count,link_centrality,technical_distance,node_assortativity
weighted_tie_strength,1.0,-0.015883073802422938,-0.04248354465668904,-0.15367503883783817,-0.09047662882119528
common_neighbors_count,-0.015883073802422938,1.0,0.00818463596534531,-0.0002477964654405985,0.07191179015219884
link_centrality,-0.04248354465668904,0.00818463596534531,1.0,0.038348393501545196,0.027251465601921
technical_distance,-0.15367503883783817,-0.0002477964654405985,0.038348393501545196,1.0,0.6233350192044147
node_assortativity,-0.09047662882119528,0.07191179015219884,0.027251465601921,0.6233350192044147,1.0
